email,display_name,preferred_name
olivia.ashworth@northgate-demo.co.uk,Olivia Ashworth,Olivia
noah.bramley@northgate-demo.co.uk,Noah Bramley,Noah
amelia.cavendish@northgate-demo.co.uk,Amelia Cavendish,Amelia
oliver.dunmore@northgate-demo.co.uk,Oliver Dunmore,Oliver
isla.ellwood@northgate-demo.co.uk,Isla Ellwood,Isla
arthur.fairbrother@northgate-demo.co.uk,Arthur Fairbrother,Arthur
freya.gledhill@northgate-demo.co.uk,Freya Gledhill,Freya
leo.hartley@northgate-demo.co.uk,Leo Hartley,Leo
ava.inskip@northgate-demo.co.uk,Ava Inskip,Ava
henry.jerrard@northgate-demo.co.uk,Henry Jerrard,Henry
ivy.kentish@northgate-demo.co.uk,Ivy Kentish,Ivy
jack.lomax@northgate-demo.co.uk,Jack Lomax,Jack
poppy.marchant@northgate-demo.co.uk,Poppy Marchant,Poppy
charlie.newbold@northgate-demo.co.uk,Charlie Newbold,Charlie
mia.ollerton@northgate-demo.co.uk,Mia Ollerton,Mia
thomas.pemberton@northgate-demo.co.uk,Thomas Pemberton,Thomas
willow.quarrell@northgate-demo.co.uk,Willow Quarrell,Willow
oscar.rushworth@northgate-demo.co.uk,Oscar Rushworth,Oscar
rosie.sanderling@northgate-demo.co.uk,Rosie Sanderling,Rosie
george.thorncroft@northgate-demo.co.uk,George Thorncroft,George
ella.underhill@northgate-demo.co.uk,Ella Underhill,Ella
theo.vasey@northgate-demo.co.uk,Theo Vasey,Theo
sofia.wetherby@northgate-demo.co.uk,Sofia Wetherby,Sofia
alfie.yarrow@northgate-demo.co.uk,Alfie Yarrow,Alfie
